{
    "Task15_feta": {
        "spacing": [
            0.5,
            0.5,
            0.5
        ],
        "mean": 0.37422748158078706,
        "std": 0.13769511985952287,
        "0.5": 0.06718668938199274,
        "99.5": 0.8282258064516129
    }
}